Time (s),EEG Data (Gamma Waves)
0.0,0.7203011093780948
0.003909304143862392,1.1720000312585797
0.007818608287724784,0.9249091247151853
0.011727912431587176,-0.0005951982624373409
0.01563721657544957,-1.2125215962731175
0.019546520719311962,-0.43755236866066205
0.02345582486317435,-0.4331092651781103
0.027365129007036745,-0.3741936261149629
0.03127443315089914,1.1407559200089947
0.03518373729476153,0.9146485158448706
0.039093041438623924,-0.7521765213215874
0.043002345582486314,-0.6246578330885123
0.0469116497263487,0.17093484560454342
0.0508209538702111,0.46203398426839415
0.05473025801407349,1.1548066782733413
0.058639562157935886,1.5042805973354936
0.06254886630179828,-0.4008105071580674
0.06645817044566067,-0.10619864450533911
0.07036747458952305,-0.10526031102249422
0.07427677873338545,1.0186976022605876
0.07818608287724785,0.05232821179102731
0.08209538702111023,0.7921742097209791
0.08600469116497263,-0.4708014844497309
0.08991399530883502,-1.4879278442638912
0.0938232994526974,-0.7964257704513734
0.0977326035965598,-1.1546152230229962
0.1016419077404222,1.277051918179905
0.1055512118842846,0.8863566058979895
0.10946051602814698,0.22401908060776082
0.11336982017200938,0.1640833481965481
0.11727912431587177,-1.2660250146448515
0.12118842845973415,-0.40686856656234127
0.12509773260359655,-0.797848604572497
0.12900703674745895,1.057491132323766
0.13291634089132134,0.4707372239121917
0.13682564503518374,-0.166999780379785
0.1407349491790461,-0.6144025114098493
0.1446442533229085,-0.8215535121002043
0.1485535574667709,-0.913490126467992
0.1524628616106333,1.3182868499252633
0.1563721657544957,0.9551582754809343
0.1602814698983581,1.179320894015087
0.16419077404222046,-0.5550585120456601
0.16810007818608286,-1.2164007341969134
0.17200938232994525,-1.136688932985948
0.17591868647380765,0.37572300462984687
0.17982799061767005,1.2992558267629062
0.18373729476153244,0.12094909008769161
0.1876465989053948,0.0680616222899871
0.1915559030492572,-0.2556002993567289
0.1954652071931196,0.30775424735794876
0.199374511336982,-0.672738525555522
0.2032838154808444,0.08071337881966523
0.2071931196247068,0.9768044181536698
0.2111024237685692,0.19087308068638484
0.21501172791243156,-1.0607084434889975
0.21892103205629396,-1.0750683100106835
0.22283033620015635,-0.3722878107016224
0.22673964034401875,-0.033579114386412146
0.23064894448788115,1.2362550151720786
0.23455824863174354,-0.1140208342655924
0.2384675527756059,0.8361011308644132
0.2423768569194683,-1.1951845906507526
0.2462861610633307,-1.2849412863731504
0.2501954652071931,-0.1107240071877664
0.25410476935105547,0.6480378051890356
0.2580140734949179,1.3208524834507287
0.26192337763878026,0.7971757528121497
0.2658326817826427,0.03344254960909332
0.26974198592650506,-1.3672519443110178
0.2736512900703675,-0.5143716121604592
0.27756059421422985,0.2896733288231144
0.2814698983580922,1.7094861955975835
0.28537920250195464,-0.033341332761371856
0.289288506645817,-1.0531688016702039
0.29319781078967944,-1.1662632431604103
0.2971071149335418,-0.06854332627868254
0.3010164190774042,-0.422161771301189
0.3049257232212666,1.3161434787437876
0.30883502736512897,-0.02354093567238813
0.3127443315089914,0.7052989811066682
0.31665363565285376,-0.38071952720601854
0.3205629397967162,-0.8929684667574054
0.32447224394057855,-0.2508803615448054
0.3283815480844409,1.6935538458987476
0.33229085222830335,1.4295860662938484
0.3362001563721657,-0.7089325911530185
0.34010946051602814,-0.7289153989044279
0.3440187646598905,-0.4724230677997384
0.34792806880375293,0.45681431092969893
0.3518373729476153,-0.04771589365300094
0.35574667709147767,1.6412855441039902
0.3596559812353401,1.1335004506934283
0.36356528537920246,0.3590490462173835
0.3674745895230649,-0.18977334247730326
0.37138389366692726,-0.4933912307513408
0.3752931978107896,0.16117001820204904
0.37920250195465205,0.30963570503816173
0.3831118060985144,1.6456579965622993
0.38702111024237684,-0.772077540427935
0.3909304143862392,-0.3025366405921655
0.39483971853010164,-0.1772197761379818
0.398749022673964,-0.6810544996062318
0.4026583268178264,0.3379610990256154
0.4065676309616888,0.6395751034765739
0.41047693510555117,0.3933173017807584
0.4143862392494136,-0.22205374766294073
0.41829554339327596,-0.7480888786826883
0.4222048475371384,-0.44433920399694266
0.42611415168100075,0.49265113279980033
0.4300234558248631,1.554542183012857
0.43393275996872555,0.6882505522242723
0.4378420641125879,-0.6839221840511234
0.44175136825645034,-1.7649620145359926
0.4456606724003127,0.3986105542917543
0.44956997654417513,0.3806646011508042
0.4534792806880375,0.6311664597058577
0.45738858483189987,0.3546910702364402
0.4612978889757623,-0.1925360774526539
0.46520719311962466,-0.3464180846176501
0.4691164972634871,-1.737625996783672
0.47302580140734946,-0.3638832416154728
0.4769351055512118,1.0144327095456205
0.48084440969507425,1.6690609577377282
0.4847537138389366,0.7706124832226859
0.48866301798279904,-0.12115656915891751
0.4925723221266614,-0.2217876823895023
0.49648162627052383,-0.9564939413702168
0.5003909304143862,0.5410672118686449
0.5043002345582486,1.8759130317756927
0.5082095387021109,-0.5063025793896746
0.5121188428459734,0.4582688446371118
0.5160281469898358,-0.5876255401780346
0.5199374511336982,-0.835882870222735
0.5238467552775605,-0.5576148507023851
0.5277560594214229,1.3928827833696062
0.5316653635652854,1.3534822714654666
0.5355746677091477,0.12962370707851983
0.5394839718530101,-0.1691892422850108
0.5433932759968725,-0.4612615499865417
0.547302580140735,-0.043711602430513086
0.5512118842845973,0.4009561643125282
0.5551211884284597,0.7256941106469292
0.5590304925723221,0.790045205375982
0.5629397967161844,0.0023860096747973236
0.5668491008600469,0.1672886029144145
0.5707584050039093,-0.7702910394131038
0.5746677091477717,0.25917820707269923
0.578577013291634,0.5379627511330691
0.5824863174354964,0.9136414148425928
0.5863956215793589,-0.37430668033471876
0.5903049257232212,-0.9816971220704203
0.5942142298670836,-0.826857179604511
0.598123534010946,-0.2797646851305095
0.6020328381548083,-0.5817426657584563
0.6059421422986708,1.1259484332808531
0.6098514464425332,-0.1556708756943015
0.6137607505863956,0.06696561436210874
0.6176700547302579,-1.930486347306588
0.6215793588741204,-0.542528445358597
0.6254886630179828,0.5420018355608405
0.6293979671618452,1.0582646616864222
0.6333072713057075,0.7782474017003449
0.6372165754495699,0.6041224799420338
0.6411258795934324,-0.04455719969107441
0.6450351837372947,-0.4478916423667615
0.6489444878811571,-0.4950153849149227
0.6528537920250195,1.199075174854538
0.6567630961688818,1.6525197986928253
0.6606724003127443,0.9252152327472614
0.6645817044566067,-0.6020398615687876
0.6684910086004691,-1.5809260473826499
0.6724003127443314,-0.9032308883560256
0.6763096168881938,-0.29654014094197145
0.6802189210320563,1.6936619297038675
0.6841282251759186,0.434375723498874
0.688037529319781,-0.8322626984478805
0.6919468334636434,-1.4544602830029394
0.6958561376075059,-0.6302480037113395
0.6997654417513682,-0.28752503810926333
0.7036747458952306,0.8211614614703815
0.707584050039093,-0.2497691086999051
0.7114933541829553,0.17741309655020882
0.7154026583268178,-0.5823631004662376
0.7193119624706802,-1.3769286353617733
0.7232212666145426,-0.5270422784654352
0.7271305707584049,0.7335475389442224
0.7310398749022673,1.2768058456201001
0.7349491790461298,0.7237461269457275
0.7388584831899921,-0.6727116741776471
0.7427677873338545,-1.180747934340061
0.7466770914777169,-0.9041585049398752
0.7505863956215792,1.3519132112165588
0.7544956997654417,0.8994367630958959
0.7584050039093041,0.7759914392681012
0.7623143080531665,-0.4781169314929823
0.7662236121970288,-0.28541735626986386
0.7701329163408913,-0.4965048570959056
0.7740422204847537,-0.3001648999363914
0.777951524628616,0.8035176279019248
0.7818608287724784,1.149978248063627
0.7857701329163408,1.120894753847175
0.7896794370602033,0.5448820670648751
0.7935887412040656,-1.2081587690426279
0.797498045347928,-0.72813439394727
0.8014073494917904,-0.18227143275040086
0.8053166536356527,1.2888869098679083
0.8092259577795152,0.7040754927237647
0.8131352619233776,-1.2935013550346455
0.81704456606724,-0.14069613321716112
0.8209538702111023,-0.4732818445847279
0.8248631743549648,-0.22236254510078168
0.8287724784988272,1.0465111539675356
0.8326817826426895,0.8577826762610071
0.8365910867865519,0.530268039325763
0.8405003909304143,-1.9092195999985357
0.8444096950742768,-0.36434820612474084
0.8483189992181391,-0.5654235394792225
0.8522283033620015,0.4386851552483223
0.8561376075058639,1.5813449574573863
0.8600469116497262,0.47208393809212745
0.8639562157935887,-0.5789290566988801
0.8678655199374511,-1.2739232844702217
0.8717748240813135,-0.8522646452610398
0.8756841282251758,-0.28038320265163014
0.8795934323690382,0.5755613884557054
0.8835027365129007,1.1652955713833966
0.887412040656763,0.3509024155257017
0.8913213448006254,-0.2083326352518594
0.8952306489444878,-0.6623412804866028
0.8991399530883503,-0.5061875648822981
0.9030492572322126,0.7154288283492385
0.906958561376075,0.659089942298613
0.9108678655199374,0.9944419678899032
0.9147771696637997,-0.44491853735386255
0.9186864738076622,-1.0024608840002882
0.9225957779515246,-0.5081414049956059
0.926505082095387,-0.279567324669413
0.9304143862392493,1.487211938515724
0.9343236903831117,0.42687570856230095
0.9382329945269742,-0.43248906822303623
0.9421422986708365,-0.5467343901279176
0.9460516028146989,0.10819536741014057
0.9499609069585613,-0.36924996914022873
0.9538702111024236,0.6498033792111655
0.9577795152462861,1.0214154141466198
0.9616888193901485,0.7442193265917884
0.9655981235340109,-0.6006317128552551
0.9695074276778732,-1.0626971959082263
0.9734167318217357,-0.3648752806763872
0.9773260359655981,0.8900730523185705
0.9812353401094605,1.0685551524881953
0.9851446442533228,0.32262157479833586
0.9890539483971852,-0.29526079415197715
0.9929632525410477,-0.659191292584492
0.99687255668491,-1.0013632734160647
1.0007818608287724,-0.27441086593396125
1.0046911649726349,1.211859050007515
1.0086004691164971,0.6922645611533371
1.0125097732603596,0.05867823207948196
1.0164190774042219,-1.77498526081341
1.0203283815480844,-0.558934711730197
1.0242376856919468,-0.7383192887372588
1.028146989835809,0.7505592965713289
1.0320562939796716,1.0161859716774593
1.0359655981235338,0.26626421786549936
1.0398749022673963,-0.7184703361282636
1.0437842064112588,-1.4776591003509647
1.047693510555121,-0.8997102834739308
1.0516028146989835,0.028758583917231073
1.0555121188428458,1.2645670629799093
1.0594214229867083,1.136502089983099
1.0633307271305708,-0.1324327053563321
1.067240031274433,-0.742517552231374
1.0711493354182955,-0.7782143505117816
1.075058639562158,-0.23333178368613453
1.0789679437060202,0.2613936498647276
1.0828772478498827,0.9000721227206705
1.086786551993745,0.9222793710471376
1.0906958561376074,-1.0634436591788747
1.09460516028147,-1.5802551805118814
1.0985144644253322,-0.8203751939746109
1.1024237685691947,0.5448547769870861
1.106333072713057,0.5872607597056982
1.1102423768569194,1.613668133395005
1.1141516810007819,-0.47903040421060283
1.1180609851446441,-0.37168518480145674
1.1219702892885066,-0.9620499703752625
1.1258795934323689,-0.794391476273018
1.1297888975762314,0.35157159873619503
1.1336982017200938,0.6251961095217333
1.137607505863956,-0.00964055181039812
1.1415168100078186,-0.5337756711038733
1.1454261141516808,-0.7083746165407339
1.1493354182955433,-0.22889402460852046
1.1532447224394058,1.1382468986202676
1.157154026583268,0.14991926256554178
1.1610633307271305,-0.6551790119385914
1.1649726348709928,-0.8232840041711827
1.1688819390148553,-0.8752500637959081
1.1727912431587177,-0.29399484658685726
1.17670054730258,1.0229321001662017
1.1806098514464425,1.83642437856026
1.1845191555903047,0.3563138957141803
1.1884284597341672,0.006376987455443989
1.1923377638780297,0.06474708559499842
1.196247068021892,-1.5263305453801863
1.2001563721657544,0.10849175373971223
1.2040656763096167,2.035336406224196
1.2079749804534792,0.8260859396916151
1.2118842845973417,0.01602414458121426
1.215793588741204,-1.3437726407394124
1.2197028928850664,-1.1135954797981726
1.2236121970289289,0.6998454928615628
1.2275215011727911,0.504730633969954
1.2314308053166536,1.2751455886788223
1.2353401094605159,0.7020413542747823
1.2392494136043783,-0.878595134516976
1.2431587177482408,0.014938920638605357
1.247068021892103,-0.9001966198140668
1.2509773260359656,0.2684508845378725
1.2548866301798278,1.5237575628317002
1.2587959343236903,0.7074238537513752
1.2627052384675528,0.39727815197031613
1.266614542611415,-0.6190719291753811
1.2705238467552775,-1.492239162782781
1.2744331508991398,0.49936654662030705
1.2783424550430023,0.8360529678175475
1.2822517591868647,1.5825039569028785
1.286161063330727,-0.0717455776473303
1.2900703674745895,-0.5445454129246621
1.2939796716184517,-1.1185737356913894
1.2978889757623142,-0.7777346629115665
1.3017982799061767,0.3686998590802604
1.305707584050039,0.4569285839079912
1.3096168881939014,0.9756269366046347
1.3135261923377637,0.022375913516725354
1.3174354964816262,-1.5650850338752629
1.3213448006254886,-1.329320813442243
1.325254104769351,0.5243333999380032
1.3291634089132134,0.6623422931816136
1.3330727130570756,2.0379749777463294
1.3369820172009381,0.2917035586059281
1.3408913213448006,-0.8892739920480415
1.3448006254886629,-0.8388004477407401
1.3487099296325253,0.5963640938664404
1.3526192337763876,0.9806579171135528
1.35652853792025,1.2112141058851331
1.3604378420641126,0.35792283036812644
1.3643471462079748,-0.25669493032964275
1.3682564503518373,-1.0803349651504284
1.3721657544956998,0.02946608874052903
1.376075058639562,-0.5082810077875433
1.3799843627834245,1.6674982341740923
1.3838936669272868,1.294636529614166
1.3878029710711492,0.893049800209371
1.3917122752150117,-0.9920263372207674
1.395621579358874,-1.2977707552146258
1.3995308835027365,-0.6361838409299783
1.4034401876465987,1.4046821570556451
1.4073494917904612,0.24649909125981173
1.4112587959343237,0.8306971622418458
1.415168100078186,-0.4842617923144473
1.4190774042220484,-1.7689772025173152
1.4229867083659107,-0.31662885768799004
1.4268960125097732,0.6672789727434237
1.4308053166536356,0.8520431342386202
1.434714620797498,0.4644092485438559
1.4386239249413604,0.013558927967636858
1.4425332290852226,-0.8407243249083287
1.4464425332290851,-1.0552324955038477
1.4503518373729476,-0.1403471266527155
1.4542611415168099,1.7024496412881531
1.4581704456606723,0.38758354432976283
1.4620797498045346,0.2021070428612352
1.465989053948397,-0.5242739356102138
1.4698983580922595,-1.1226648772441579
1.4738076622361218,-1.1005526709084301
1.4777169663799843,0.36295450889371766
1.4816262705238465,0.9582422796419156
1.485535574667709,0.8398457343902388
1.4894448788115715,-1.2070227928113397
1.4933541829554338,-1.4063232263568455
1.4972634870992962,-0.4224513334925013
1.5011727912431585,-0.37577223032958534
1.505082095387021,1.2511183570759419
1.5089913995308835,1.3646459115909941
1.5129007036747457,-0.3829859074291343
1.5168100078186082,-1.397481033534044
1.5207193119624707,-0.767989855344487
1.524628616106333,-0.2788643700785289
1.5285379202501954,0.266558488568177
1.5324472243940577,0.4765187973955398
1.5363565285379202,0.3730788331661755
1.5402658326817826,-1.2073206102950476
1.544175136825645,-1.350336551385746
1.5480844409695074,-0.5271145348480267
1.5519937451133696,-0.17717896574647124
1.555903049257232,1.1809761070412021
1.5598123534010946,-0.37363865606704993
1.5637216575449568,-0.43291629327112474
1.5676309616888193,-0.6858799529014192
1.5715402658326816,-1.275958714206654
1.575449569976544,0.29655505914074926
1.5793588741204065,0.8761668997487791
1.5832681782642688,1.138062394157949
1.5871774824081313,0.0900407800814838
1.5910867865519935,-0.035325347006007424
1.594996090695856,-1.2056224027479536
1.5989053948397185,-0.5902058671809189
1.6028146989835808,0.5448182539859157
1.6067240031274432,0.5936599120149513
1.6106333072713055,0.16252077559284767
1.614542611415168,-0.22044748283313104
1.6184519155590305,-1.4982442267034726
1.6223612197028927,-0.4179000014743727
1.6262705238467552,-0.34815154170265455
1.6301798279906174,1.3813359416424444
1.63408913213448,0.8861132412517039
1.6379984362783424,-0.5187396672023775
1.6419077404222047,-0.3950731255836935
1.6458170445660671,-1.3285077571306827
1.6497263487099296,-0.29666586011800156
1.6536356528537919,1.0301875405440264
1.6575449569976544,2.2003707931024024
1.6614542611415166,-0.5445758457281259
1.665363565285379,-0.7978863508778287
1.6692728694292416,-0.945027322983905
1.6731821735731038,-0.21013415841306532
1.6770914777169663,-0.34354988159345023
1.6810007818608286,1.4498717544721271
1.684910086004691,1.4780007289698156
1.6888193901485535,-0.23685985469461968
1.6927286942924158,-1.5784562772771016
1.6966379984362783,-1.6000769969058684
1.7005473025801405,0.6201247435877217
1.704456606724003,0.8162466378667532
1.7083659108678655,0.6696095303157354
1.7122752150117277,-0.36033294035315494
1.7161845191555902,-1.4548512442689807
1.7200938232994525,-1.580549562655097
1.724003127443315,-0.016311502226845215
1.7279124315871774,0.6570908283983075
1.7318217357310397,1.0486582256913894
1.7357310398749022,0.5365021858524109
1.7396403440187644,0.7387018897916505
1.743549648162627,-1.1965554032135144
1.7474589523064894,-0.5197003845749605
1.7513682564503517,0.34253575245200224
1.7552775605942141,0.752854174217356
1.7591868647380764,-0.020436359308481644
1.7630961688819389,-1.5810439132548344
1.7670054730258014,-1.0674849045366543
1.7709147771696636,-0.11199549880536275
1.774824081313526,0.7379899009651911
1.7787333854573883,0.5659296646914509
1.7826426896012508,0.68428423014149
1.7865519937451133,-0.13134878515985088
1.7904612978889756,-0.821431876583312
1.794370602032838,-0.8887689827572479
1.7982799061767005,-0.3629929872770501
1.8021892103205628,0.2415092843378377
1.8060985144644253,1.2088800301158873
1.8100078186082875,1.3866635760977695
1.81391712275215,0.7789804313171679
1.8178264268960125,-0.6350180375524693
1.8217357310398747,-0.5624994615362267
1.8256450351837372,0.5584727548563271
1.8295543393275995,0.08013121618985408
1.833463643471462,0.3822127884861251
1.8373729476153244,0.26733584918102
1.8412822517591867,-1.3150957721198229
1.8451915559030492,-0.7246034624317413
1.8491008600469114,-0.10999877523107439
1.853010164190774,0.30246657200624727
1.8569194683346364,1.3886692554915656
1.8608287724784986,0.7804651062266583
1.8647380766223611,-1.8571229358604717
1.8686473807662234,-1.2079533194079803
1.8725566849100859,-0.45802927850205033
1.8764659890539483,0.767048664793665
1.8803752931978106,1.3680136830011316
1.884284597341673,1.5094833301476738
1.8881939014855353,-0.43676168247160885
1.8921032056293978,-1.4102614104384752
1.8960125097732603,-0.9454075086098596
1.8999218139171226,-0.3574719341104786
1.903831118060985,0.955133368401139
1.9077404222048473,1.4135516047023915
1.9116497263487098,0.525561711058597
1.9155590304925723,-0.5545401160896927
1.9194683346364345,-0.9462824212155603
1.923377638780297,-0.10985617821308052
1.9272869429241593,0.38492245681210313
1.9311962470680217,1.7699409786598523
1.9351055512118842,0.09851384390810558
1.9390148553557465,-1.4043788432254423
1.942924159499609,-1.2484014342840102
1.9468334636434714,-1.754918771126015
1.9507427677873337,-0.4208310945536907
1.9546520719311962,1.1198226176033563
1.9585613760750584,0.7527409627928481
1.962470680218921,-0.22081203122711376
1.9663799843627834,-1.0544314919879292
1.9702892885066456,-1.3626283805915458
1.9741985926505081,-0.0002118802775814832
1.9781078967943704,0.42454551478625246
1.9820172009382329,2.4392062465912674
1.9859265050820953,0.361455359569934
1.9898358092259576,-1.11401742236273
1.99374511336982,-0.26530769833405254
1.9976544175136823,-1.036466031357355
2.001563721657545,0.4155020626255201
2.005473025801407,1.3945445843027957
2.0093823299452698,0.7146460989822182
2.013291634089132,-0.46076578198551876
2.0172009382329943,-0.9893176630577695
2.021110242376857,-0.9381437387777597
2.0250195465207192,0.23117348442221994
2.0289288506645815,1.229962100635389
2.0328381548084438,0.1980628490400994
2.0367474589523065,0.4675854441296328
2.0406567630961687,-1.5364452889829057
2.044566067240031,-0.9944456721312074
2.0484753713838937,-0.7912834745286906
2.052384675527756,0.8170825555462522
2.056293979671618,1.3041822896152406
2.060203283815481,0.6494523160483657
2.064112587959343,-0.3473239675723701
2.0680218921032054,-1.0378461433914392
2.0719311962470677,-0.9531605617959549
2.0758405003909304,0.44600255009805106
2.0797498045347926,0.6150980405964839
2.083659108678655,0.5121536546957014
2.0875684128225176,0.039748756446046474
2.09147771696638,-1.6152391352384345
2.095387021110242,-0.567010359766615
2.099296325254105,0.35019791265302885
2.103205629397967,0.4925776200797055
2.1071149335418293,1.4646932744836088
2.1110242376856916,1.000856698103822
2.1149335418295543,-0.36528503474597734
2.1188428459734165,-1.3030300588116779
2.122752150117279,-0.7750005312074146
2.1266614542611415,1.2614913910141732
2.1305707584050038,1.1197053788693418
2.134480062548866,0.027832154181574142
2.1383893666927287,-0.460841039275828
2.142298670836591,-0.6115336202965724
2.1462079749804532,0.3099205901528359
2.150117279124316,-0.22796536744383367
2.154026583268178,0.4548914548021402
2.1579358874120405,0.36109897957801895
2.1618451915559027,0.298045746421056
2.1657544956997654,-0.692789449052061
2.1696637998436277,-1.2023815688478205
2.17357310398749,0.15149212372496046
2.1774824081313526,-0.054874608694104654
2.181391712275215,1.104302027699761
2.185301016419077,0.717581094623751
2.18921032056294,-0.5797513436162721
2.193119624706802,-1.3923305637972678
2.1970289288506644,-0.3270988222569957
2.2009382329945266,0.3107144172298547
2.2048475371383893,1.543968616999582
2.2087568412822516,0.8135105933328263
2.212666145426114,-0.3991102762929526
2.2165754495699765,-1.2527777974372674
2.220484753713839,-1.3195852077251418
2.224394057857701,0.17553987731487838
2.2283033620015638,0.4387704711426644
2.232212666145426,0.8311772881788991
2.2361219702892883,-0.013096939783178774
2.2400312744331505,-1.4575412543795747
2.2439405785770132,-2.187957267012417
2.2478498827208755,-0.7475423404533496
2.2517591868647377,0.9003345283290858
2.2556684910086005,2.26080773219452
2.2595777951524627,0.28068786429303727
2.263487099296325,-0.002225291688313702
2.2673964034401877,-1.0891686028978462
2.27130570758405,0.3311652437222026
2.275215011727912,0.9289916223858351
2.2791243158717744,1.2976355219921933
2.283033620015637,0.9378388321446011
2.2869429241594994,-0.3837006328142912
2.2908522283033617,-0.8416986925159763
2.2947615324472244,-1.4052590081637515
2.2986708365910866,-0.09953452127711163
2.302580140734949,0.6981331865036406
2.3064894448788116,1.0781479672910683
2.310398749022674,0.735352340988697
2.314308053166536,-0.17108880534609744
2.318217357310399,-0.2715292523777355
2.322126661454261,-1.3485948874541693
2.3260359655981233,0.17851401520991067
2.3299452697419856,1.2665896214987753
2.3338545738858483,1.2818603412236673
2.3377638780297105,-0.5914408140979984
2.341673182173573,-0.4359125331209886
2.3455824863174355,-1.5789904272319828
2.3494917904612977,0.12042826911399576
2.35340109460516,0.41957088989633873
2.3573103987490227,1.2716868115859268
2.361219702892885,1.1620006365503057
2.365129007036747,-0.23878573600955566
2.3690383111806095,-1.3725307795386312
2.372947615324472,-1.3706263664527967
2.3768569194683344,0.19043106120201392
2.3807662236121967,-0.15846879879781706
2.3846755277560594,0.7419445248046191
2.3885848318999217,-0.27615304989358924
2.392494136043784,-0.41987392911202326
2.3964034401876466,-1.0568773163612244
2.400312744331509,-0.2595516447919309
2.404222048475371,0.7477106639027429
2.4081313526192334,0.8063944229131519
2.412040656763096,1.2659100748117527
2.4159499609069583,-1.9484628054107747
2.4198592650508206,-0.3457539928689879
2.4237685691946833,-0.44192892566830244
2.4276778733385456,0.4414094687348103
2.431587177482408,0.8658066555507213
2.4354964816262705,0.4338543218779902
2.439405785770133,-0.032676979056411704
2.443315089913995,-1.4778906734515245
2.4472243940578577,-1.156348826975458
2.45113369820172,0.6340159701645858
2.4550430023455823,0.7391595266694326
2.4589523064894445,0.899609120467601
2.462861610633307,1.249973657609884
2.4667709147771695,-0.9630192238911932
2.4706802189210317,-0.4801283510290121
2.4745895230648944,0.21103462827263664
2.4784988272087567,0.6107114671385134
2.482408131352619,0.9891009142472101
2.4863174354964817,-0.693022444567354
2.490226739640344,-0.20463835619471443
2.494136043784206,-0.17702441381681666
2.4980453479280684,-0.39426904978204974
2.501954652071931,0.8537335779871613
2.5058639562157934,0.803696529754467
2.5097732603596556,0.8680835065117404
2.5136825645035183,0.04456126038893171
2.5175918686473806,-0.19968588112897456
2.521501172791243,-0.792546914673178
2.5254104769351056,-0.31907723109906744
2.529319781078968,0.9846266080311634
2.53322908522283,0.9034972239301503
2.5371383893666923,0.7834854414964179
2.541047693510555,-0.5230286950181614
2.5449569976544173,-0.8924029993262089
2.5488663017982796,0.0693932758787591
2.5527756059421423,1.2024066471850077
2.5566849100860045,0.7949009424184177
2.5605942142298668,-0.3299925945916963
2.5645035183737295,-0.5718420001918537
2.5684128225175917,-2.0331526601542627
2.572322126661454,-0.7162049733296786
2.5762314308053167,-0.2414797138105098
2.580140734949179,1.1103650137828072
2.584050039093041,1.258247318837335
2.5879593432369035,0.054614789973767466
2.591868647380766,-1.0584577775469701
2.5957779515246284,-0.8506914316935812
2.5996872556684907,-0.08024718850146624
2.6035965598123534,0.3400071906539824
2.6075058639562156,0.6676152961587609
2.611415168100078,-0.20052454720516538
2.6153244722439406,-0.5104632384115841
2.619233776387803,-0.8092229608416253
2.623143080531665,0.1352606704228938
2.6270523846755274,0.2226788683575477
2.63096168881939,1.2465012591068172
2.6348709929632523,0.35889734916063654
2.6387802971071146,-1.1632192568404616
2.6426896012509773,-1.0918081518234843
2.6465989053948396,-0.2106726100409434
2.650508209538702,0.8490066485842526
2.6544175136825645,0.8239085017270349
2.6583268178264268,1.0524387716928782
2.662236121970289,-0.3943478712464373
2.6661454261141513,-0.4748483335528252
2.670054730258014,-0.9972853836897406
2.6739640344018762,-0.41827968822281514
2.6778733385457385,0.6443402278214069
2.681782642689601,0.9966547749538617
2.6856919468334635,0.7398409639244925
2.6896012509773257,-1.2762169093584024
2.6935105551211884,-0.7408746804559943
2.6974198592650507,-0.38664584986110295
2.701329163408913,0.16085652885305374
2.705238467552775,1.1557554648579142
2.709147771696638,1.4069476548018502
2.7130570758405,0.162848689595064
2.7169663799843624,-0.6041533370270615
2.720875684128225,-0.9828568866562493
2.7247849882720874,-0.021008126950026726
2.7286942924159496,0.711474205742899
2.7326035965598123,0.45170862049656085
2.7365129007036746,0.38073221824145154
2.740422204847537,-1.0785545076665126
2.7443315089913995,-1.210448936024319
2.748240813135262,-0.5746982159267309
2.752150117279124,0.7031018724415965
2.7560594214229863,0.7972150028947469
2.759968725566849,0.9526682622764839
2.7638780297107113,-0.40039453099382377
2.7677873338545735,-2.2172164760460107
2.7716966379984362,-0.27256960381468637
2.7756059421422985,-0.016294465526443647
2.7795152462861608,1.3894073627715517
2.7834245504300235,0.6285795428079941
2.7873338545738857,8.425302971286353e-05
2.791243158717748,-0.5581891761386935
2.7951524628616102,-1.7321640064486583
2.799061767005473,-0.7040668844607066
2.802971071149335,1.2110643987446719
2.8068803752931974,0.16305234209081576
2.81078967943706,0.37309278098104365
2.8146989835809224,-0.9367096435154407
2.8186082877247847,-1.1546142505464725
2.8225175918686474,-0.7307820498668605
2.8264268960125096,1.0377934579507262
2.830336200156372,1.5130583569361173
2.834245504300234,1.1126714358267429
2.838154808444097,0.22310468859854216
2.842064112587959,-1.099144239982117
2.8459734167318214,-1.0260651433930759
2.849882720875684,-0.43680559020417903
2.8537920250195463,0.6328646412403494
2.8577013291634086,0.9106966516211464
2.8616106333072713,0.1979874375298336
2.8655199374511335,-0.202474794148294
2.869429241594996,-1.1137435363687775
2.8733385457388585,-0.6604156951057715
2.8772478498827208,0.9271015153011536
2.881157154026583,1.0130506331703735
2.8850664581704453,0.11432298916019018
2.888975762314308,-0.8986420466912594
2.8928850664581702,-2.1938628886612785
2.8967943706020325,-0.7894991464036193
2.900703674745895,0.3538888251412025
2.9046129788897574,1.1193237853812852
2.9085222830336197,0.711774943269474
2.9124315871774824,0.03870960580326742
2.9163408913213447,-0.2927086504861388
2.920250195465207,-0.8408594650978314
2.924159499609069,-0.8726836056587401
2.928068803752932,0.6707304814119958
2.931978107896794,0.6908570635197593
2.9358874120406564,0.5054944654250038
2.939796716184519,0.051947706238359204
2.9437060203283814,0.04496017627309057
2.9476153244722436,-0.07854412566598412
2.9515246286161063,0.4575862081906069
2.9554339327599686,1.0150183045061447
2.959343236903831,1.505349530778735
2.963252541047693,-0.36910772084036025
2.967161845191556,-0.3394560572855815
2.971071149335418,-0.8717168570917027
2.9749804534792803,-0.4093324661629064
2.978889757623143,1.157150445561965
2.9827990617670053,1.3900161325692397
2.9867083659108675,0.3524515060345571
2.9906176700547302,-0.8857592524155531
2.9945269741985925,-2.096610859638718
2.9984362783424547,-0.06375832557479605
3.002345582486317,1.1190789989155068
3.0062548866301797,0.9814429689455174
3.010164190774042,0.45947043863969717
3.014073494917904,-0.46778424124141943
3.017982799061767,-0.3690331402726682
3.021892103205629,-1.3119551968293384
3.0258014073494914,0.33241502205708107
3.029710711493354,1.5437269120161048
3.0336200156372164,0.7386185899030482
3.0375293197810787,0.19255056130740572
3.0414386239249414,-0.15553227894176636
3.0453479280688036,-1.1391913799455948
3.049257232212666,-0.3699274344778052
3.053166536356528,0.3466657356346246
3.057075840500391,2.0884079772703235
3.060985144644253,-0.2283240705776966
3.0648944487881153,-0.8596481864736132
3.068803752931978,-0.9610621842795168
3.0727130570758403,-0.6138639177194903
3.0766223612197026,0.9277700279796302
3.0805316653635653,2.0837965758162613
3.0844409695074275,1.3815046876563692
3.08835027365129,-0.1839407064585815
3.092259577795152,-0.7866895988723797
3.0961688819390147,-0.8365402736376664
3.100078186082877,0.9212588651624216
3.1039874902267393,1.4075240021961344
3.107896794370602,1.5280660822148895
3.111806098514464,0.5831627444424624
3.1157154026583265,-0.7134256919546144
3.119624706802189,-0.7728366033163366
3.1235340109460514,0.3973937187703111
3.1274433150899137,0.2089315079952465
3.131352619233776,1.3289082075658016
3.1352619233776386,-0.05090882523360074
3.139171227521501,-0.18399337088898696
3.143080531665363,-1.9236186505771316
3.146989835809226,-0.638812368050272
3.150899139953088,0.5859479655552136
3.1548084440969504,1.0646938532195682
3.158717748240813,1.4638213401536684
3.1626270523846753,0.2594831142732257
3.1665363565285376,-1.753893869025628
3.1704456606724003,-0.9090781981052007
3.1743549648162626,0.0861920136638405
3.178264268960125,1.2794119258702694
3.182173573103987,0.4065735309465255
3.1860828772478498,1.6149060147208385
3.189992181391712,-0.616238367811295
3.1939014855355743,-0.5423444457764295
3.197810789679437,-0.7319305562919197
3.2017200938232993,0.43098849902151876
3.2056293979671615,0.782779656407593
3.209538702111024,1.3087277114818716
3.2134480062548865,-0.3756476620139193
3.2173573103987487,-0.6705940574584104
3.221266614542611,-0.6702676137852773
3.2251759186864737,-0.005327510897739619
3.229085222830336,1.2668924475318968
3.232994526974198,-0.16997527295191228
3.236903831118061,0.14384765966284496
3.240813135261923,-0.3162088867897981
3.2447224394057854,-0.07524246773981824
3.248631743549648,-0.17000017731563885
3.2525410476935104,1.1466460089411044
3.2564503518373726,0.20275404583476642
3.260359655981235,0.7861915114720708
3.2642689601250976,-0.548420088294961
3.26817826426896,-1.2617995734911753
3.272087568412822,0.30769650188917697
3.275996872556685,0.113865593196846
3.279906176700547,0.6801582206824068
3.2838154808444093,1.3320377006249449
3.287724784988272,-0.7894246961146321
3.2916340891321343,-0.572163129421891
3.2955433932759965,-1.354238837244468
3.2994526974198592,-0.3849571384204933
3.3033620015637215,0.9429119298839646
3.3072713057075838,-0.02600231722701085
3.311180609851446,-0.42261038770694626
3.3150899139953087,-0.6516016014700847
3.318999218139171,-1.2061014731401567
3.3229085222830332,-0.5044372939210914
3.326817826426896,0.2667772089512035
3.330727130570758,0.5109027609469394
3.3346364347146205,0.23708398158976435
3.338545738858483,-0.8125831909669975
3.3424550430023454,-2.141939884373663
3.3463643471462077,-0.07612127425647475
3.35027365129007,-0.8359701956565158
3.3541829554339326,0.6601385911822779
3.358092259577795,0.27692004203167864
3.362001563721657,0.1997138191591149
3.36591086786552,-1.0895637158877984
3.369820172009382,-0.32299019663022555
3.3737294761532444,-0.31956979829718307
3.377638780297107,1.339357051321411
3.3815480844409693,1.6621276009182977
3.3854573885848316,0.9329443442697538
3.389366692728694,0.14837053944892042
3.3932759968725565,0.053800182628937265
3.397185301016419,-1.0215163756824484
3.401094605160281,-0.19638270207448794
3.4050039093041438,1.2026894814953089
3.408913213448006,1.1749306781543525
3.4128225175918683,-0.8310513282118154
3.416731821735731,-0.6014262950961232
3.4206411258795932,-1.3667438197019761
3.4245504300234555,-0.17341538417992677
3.4284597341673178,0.6118708778678768
3.4323690383111805,0.844949731897031
3.4362783424550427,0.44187261001569794
3.440187646598905,-0.4657553805214352
3.4440969507427677,-1.3457922328012102
3.44800625488663,-0.5654326470708351
3.451915559030492,1.3970500941891169
3.455824863174355,1.0208249250871064
3.459734167318217,0.984878783844493
3.4636434714620794,-1.2823488767552582
3.467552775605942,-0.83613268878111
3.4714620797498044,-0.24224467716815878
3.4753713838936666,0.4370636370973324
3.479280688037529,0.6450388508224613
3.4831899921813916,0.5537817165138523
3.487099296325254,0.009621862336511647
3.491008600469116,-0.557378504049604
3.494917904612979,-0.6405746254272755
3.498827208756841,-0.06418639479756325
3.5027365129007033,1.2895208959710998
3.506645817044566,-0.0957100008725994
3.5105551211884283,0.20327494360309767
3.5144644253322905,-1.4932656842657868
3.518373729476153,-0.8720658822019121
3.5222830336200155,-0.6736632382100745
3.5261923377638777,1.3972269563382365
3.53010164190774,0.34089891801788685
3.5340109460516027,1.7954741965776564
3.537920250195465,-0.0986208847862726
3.5418295543393272,-0.6830639184694731
3.54573885848319,-0.8331937096592452
3.549648162627052,-0.04030970047567467
3.5535574667709144,0.4235990410345544
3.5574667709147767,0.8413901021998573
3.5613760750586394,-0.7666554957836194
3.5652853792025017,-0.3977039222728912
3.569194683346364,-0.912822201165473
3.5731039874902266,-0.2684737287865585
3.577013291634089,0.4134133524338017
3.580922595777951,1.1744102331968622
3.584831899921814,-0.3293938556368535
3.588741204065676,-0.5433461910337958
3.5926505082095384,-0.8395532689284773
3.596559812353401,-0.47307557706353703
3.6004691164972633,-0.2337177017273899
3.6043784206411256,1.1726940188196422
3.608287724784988,0.6095048672811038
3.6121970289288505,0.019760323548313766
3.616106333072713,-0.5706658989657677
3.620015637216575,-1.4000368912305718
3.6239249413604377,-0.16728000775222468
3.6278342455043,0.38091361400507373
3.6317435496481623,0.17067186629913134
3.635652853792025,0.4481524226937621
3.639562157935887,-0.4915188931514
3.6434714620797495,-1.6722524683037294
3.6473807662236117,-0.7437324578034417
3.6512900703674744,-0.25836399193966425
3.6551993745113367,0.1356396221539845
3.659108678655199,0.42048765801902444
3.6630179827990617,-0.6559129822235772
3.666927286942924,-1.5102597312918975
3.670836591086786,-1.6832614258626464
3.674745895230649,-0.3291403551485456
3.678655199374511,0.6806559126279217
3.6825645035183734,0.8573979829790572
3.6864738076622356,0.28655158355222266
3.6903831118060983,-0.20998366931467366
3.6942924159499606,-0.7553624872949536
3.698201720093823,-0.5421987090038687
3.7021110242376856,0.5063437259698724
3.706020328381548,1.4731828245016279
3.70992963252541,1.356917835816425
3.713838936669273,0.43926934116609967
3.717748240813135,-1.8022345467717777
3.7216575449569973,-0.8223166762867338
3.72556684910086,-1.3335332627505412
3.7294761532447223,0.6272202175643482
3.7333854573885845,0.7983325539925127
3.7372947615324468,0.013028841972337689
3.7412040656763095,-1.0230535528804368
3.7451133698201717,-0.7617318620342316
3.749022673964034,0.13875047953759928
3.7529319781078967,0.4361378988245393
3.756841282251759,1.165114371481785
3.760750586395621,0.570671821373297
3.764659890539484,0.4371242065386245
3.768569194683346,-0.021275001570643104
3.7724784988272084,-0.44985331166993003
3.7763878029710707,0.5603288596733894
3.7802971071149334,0.9365382030955912
3.7842064112587956,0.9456520001967592
3.788115715402658,-0.39281672344087404
3.7920250195465206,-1.0869784138941332
3.795934323690383,-0.46580710652680607
3.799843627834245,0.4116883876777448
3.803752931978108,1.294264155982792
3.80766223612197,1.3200151305245418
3.8115715402658323,0.4060622601106736
3.8154808444096946,-0.7883115304815574
3.8193901485535573,-1.1490217417067017
3.8232994526974196,-0.6806753282958706
3.827208756841282,0.13686447272928048
3.8311180609851445,1.3039465915865307
3.8350273651290068,0.8144575292654213
3.838936669272869,-0.7828404311999688
3.8428459734167317,-1.1008605576060713
3.846755277560594,-1.1512111551852202
3.8506645817044562,0.0472097093995274
3.8545738858483185,0.09847599425003495
3.858483189992181,0.3276199239981651
3.8623924941360435,-0.10811776112004623
3.8663017982799057,-0.8369483141547793
3.8702111024237684,-1.1703150791932326
3.8741204065676307,0.4642175916407969
3.878029710711493,0.43961150981268887
3.8819390148553556,1.6239338989164194
3.885848318999218,-0.02279874081383071
3.88975762314308,-0.5997871085423084
3.893666927286943,-1.0738848578080669
3.897576231430805,-0.5321889886129622
3.9014855355746674,0.28596612713607644
3.9053948397185296,0.4969224985211334
3.9093041438623923,0.646246912717432
3.9132134480062546,-0.6049641448514662
3.917122752150117,-0.9167084685408344
3.9210320562939796,-1.0976698188362297
3.924941360437842,0.028555029197947796
3.928850664581704,0.7362380636514181
3.9327599687255668,0.3194395554328705
3.936669272869429,-0.07092161098538585
3.9405785770132913,-1.245141211109079
3.9444878811571535,-1.3606078690114431
3.9483971853010162,-1.2493384178114242
3.9523064894448785,0.9022907588380327
3.9562157935887408,1.1049834332393786
3.9601250977326035,-0.07596333562379975
3.9640344018764657,0.05236731472509365
3.967943706020328,-0.26951749232787625
3.9718530101641907,-0.8520803842888895
3.975762314308053,0.839527077393546
3.979671618451915,1.668034822195105
3.9835809225957775,0.9080502285861886
3.98749022673964,-0.24116325527450208
3.9913995308835024,-1.1093907865207968
3.9953088350273647,-1.0897440713782194
3.9992181391712274,0.6556475409368874
4.00312744331509,-0.5332825933492286
4.007036747458952,1.14097406901831
4.010946051602814,0.4625135881838862
4.014855355746676,-0.0015024348323579018
4.0187646598905395,-0.9953240483165757
4.022673964034402,-1.6087569866073026
4.026583268178264,0.7243013085865497
4.030492572322126,1.032113911035284
4.034401876465989,0.33097036409697184
4.038311180609851,-0.6966592935157121
4.042220484753714,-0.18738741234021217
4.046129788897576,-1.2984237198299449
4.0500390930414385,0.36959924653863896
4.053948397185301,0.010754757610710208
4.057857701329163,0.6831222298380023
4.061767005473025,0.2866866348154071
4.0656763096168875,-0.064751348725407
4.069585613760751,-1.6865872315918102
4.073494917904613,-0.28970758516751544
4.077404222048475,0.9021698747631008
4.0813135261923374,1.4599185547862354
4.0852228303362,0.6674624118644464
4.089132134480062,-0.49204186366073
4.093041438623924,-1.7460223389668816
4.096950742767787,-0.047639030057401555
4.10086004691165,0.027216563462219984
4.104769351055512,1.7146272775711253
4.108678655199374,0.6868466257123428
4.112587959343236,0.45848285014008583
4.116497263487099,-0.4255691131057482
4.120406567630962,-0.4224239748555123
4.124315871774824,-0.45038135993287953
4.128225175918686,0.5318148757820891
4.132134480062549,1.4187906715933853
4.136043784206411,0.28656051725749004
4.139953088350273,0.2663569516658062
4.143862392494135,-1.4583415007873244
4.1477716966379985,0.25667029108942785
4.151681000781861,0.7768596584364684
4.155590304925723,0.8885831089865921
4.159499609069585,0.5307917971722277
4.1634089132134475,-0.6862082465634187
4.16731821735731,-2.070205480456632
4.171227521501173,-1.1936073368874363
4.175136825645035,-0.13087583982744685
4.1790461297888974,0.5591043147213368
4.18295543393276,0.6496033441606344
4.186864738076622,0.8434445968232687
4.190774042220484,-0.20209843031950403
4.1946833463643465,-0.7547599589183123
4.19859265050821,-0.26306583737181083
4.202501954652072,0.6964913930126133
4.206411258795934,1.5550901538787136
4.210320562939796,-0.22546660765266058
4.214229867083659,-0.5251154101210237
4.218139171227521,-2.034531445257817
4.222048475371383,-0.3985241626904065
4.225957779515246,1.4414225526939326
4.229867083659109,1.5683807878738012
4.233776387802971,0.9584599538754262
4.237685691946833,-0.05723775193175689
4.241594996090695,-1.0260673600842125
4.245504300234558,-0.5381413622118301
4.249413604378421,0.012387829679962187
4.253322908522283,0.5173297613445903
4.257232212666145,0.9737087135234419
4.2611415168100075,-0.3887396877934408
4.26505082095387,-0.45378388946512693
4.268960125097732,-1.5282174906754933
4.272869429241594,-0.16887935344504518
4.276778733385457,-0.06579732936076438
4.28068803752932,1.8884809178270807
4.284597341673182,0.8634697267079186
4.288506645817044,-0.5007666881035793
4.2924159499609065,-1.3432027229704149
4.296325254104769,-1.7278164715554536
4.300234558248632,-0.19950707184005564
4.304143862392494,0.39272834974937965
4.308053166536356,1.537456197066811
4.311962470680219,-0.7294599408898288
4.315871774824081,-0.689092139407626
4.319781078967943,-0.605054188828259
4.323690383111805,-0.720694233340495
4.327599687255669,1.0055018253665262
4.331508991399531,0.7454799890615248
4.335418295543393,0.24459715266467957
4.339327599687255,-1.0235229139893187
4.343236903831118,-1.1588743055749875
4.34714620797498,-0.1547391940340208
4.351055512118842,-0.4687023990361548
4.354964816262705,1.0987622361759635
4.3588741204065675,0.9856880214758229
4.36278342455043,0.7457465260122397
4.366692728694292,-1.1222347502445422
4.370602032838154,0.09187527005707385
4.3745113369820166,-0.44594081401821584
4.37842064112588,0.5356888957710023
4.382329945269742,-0.15975155372108063
4.386239249413604,1.0061272792764393
4.3901485535574665,-1.4361516463422355
4.394057857701329,-1.4347901974105133
4.397967161845191,-0.10759441751412685
4.401876465989053,0.05290319667919424
4.405785770132916,0.8976644722949917
4.409695074276779,0.9390129467779871
4.413604378420641,-0.7821227420517332
4.417513682564503,-1.1767186758450028
4.421422986708365,-0.5930151955155731
4.425332290852228,-0.21295614033705876
4.42924159499609,1.206746621090592
4.433150899139953,1.0604367557603114
4.437060203283815,0.0843431394916595
4.440969507427678,-0.5048744791920408
4.44487881157154,-0.5979848981604643
4.448788115715402,-0.35098752860636934
4.452697419859264,0.6460274150727312
4.4566067240031275,-0.2345711759041167
4.46051602814699,0.12191404239379028
4.464425332290852,-0.6058167600853329
4.468334636434714,-1.244983609400259
4.4722439405785765,-1.0243462814773476
4.476153244722439,-0.3984463866720033
4.480062548866301,0.9891165768024435
4.483971853010164,1.125808622193271
4.4878811571540265,-0.45509851220270386
4.491790461297889,0.26112696430479243
4.495699765441751,-0.3209475507909262
4.499609069585613,-0.3435041091950751
4.5035183737294755,1.6579697201831847
4.507427677873339,1.6289155848720172
4.511336982017201,0.30268608847681033
4.515246286161063,-1.8909514905674563
4.519155590304925,-0.8784676169309211
4.523064894448788,-0.6587940735812218
4.52697419859265,0.6525762945545815
4.530883502736512,0.8373422732856368
4.534792806880375,1.1183726948361927
4.538702111024238,-0.14225229350981683
4.5426114151681,-1.1407868286842167
4.546520719311962,-1.0900644687949024
4.550430023455824,0.41363585595327546
4.554339327599687,1.8811930458372383
4.558248631743549,0.5109874968524957
4.562157935887412,0.11069524240266759
4.566067240031274,-1.5009381196858957
4.5699765441751365,-0.9308385286456452
4.573885848318999,-0.7388057313362919
4.577795152462861,0.5629604975123427
4.581704456606723,1.8868336173233144
4.5856137607505865,0.2062206550298023
4.589523064894449,0.10401088349995663
4.593432369038311,-1.402527134304104
4.597341673182173,-0.7807537124867638
4.6012509773260355,-0.15359449167886552
4.605160281469898,1.168494723292581
4.60906958561376,0.782126074476925
4.612978889757623,-0.7963854491492047
4.616888193901485,-0.24620040889106098
4.620797498045348,-1.096235365465474
4.62470680218921,-0.25439779134305396
4.628616106333072,0.06852702955278922
4.6325254104769344,0.9258736732963627
4.636434714620798,-0.19153877116418871
4.64034401876466,-0.924860674554299
4.644253322908522,-0.7776254247844943
4.648162627052384,0.7657469192778474
4.652071931196247,0.713594407005587
4.655981235340109,1.3537836815909137
4.659890539483971,1.1460749025645307
4.663799843627834,-0.26241883653230214
4.6677091477716965,-1.1730582556979134
4.671618451915559,-0.5904909345382789
4.675527756059421,-0.5899796101128261
4.679437060203283,0.892051015585658
4.683346364347146,0.4821649571885028
4.687255668491008,0.7941554261496039
4.691164972634871,-0.885911374737922
4.695074276778733,-0.3894019190625081
4.6989835809225955,-0.7150835284149257
4.702892885066458,0.08474822225278256
4.70680218921032,0.8934359090575146
4.710711493354182,0.9664632949860881
4.714620797498045,-0.9954324205795216
4.718530101641908,-1.4119970218943803
4.72243940578577,-1.741594201413608
4.726348709929632,-0.18478672598780582
4.730258014073494,1.2760451361996996
4.734167318217357,1.4220010715715057
4.738076622361219,-0.2591579934050338
4.741985926505082,-0.9602849058667857
4.745895230648944,-1.3440214197139775
4.749804534792807,-0.31177498148297367
4.753713838936669,0.7053061158123448
4.757623143080531,1.5404498561516862
4.761532447224393,-0.5066316157505941
4.7654417513682565,-0.5561257593925928
4.769351055512119,-0.981754017656302
4.773260359655981,-0.05087710891168684
4.777169663799843,0.5768457602049611
4.781078967943706,1.886527832513849
4.784988272087568,0.9896979703268178
4.78889757623143,-0.31265674138236715
4.792806880375293,-0.664304609895405
4.7967161845191555,-0.3999987105200273
4.800625488663018,-0.033433324980643025
4.80453479280688,1.572696136915571
4.808444096950742,1.4370583939826274
4.8123534010946045,0.047029975540765115
4.816262705238467,-0.568294083188692
4.82017200938233,-0.3143668180295266
4.824081313526192,-0.6738370597311383
4.827990617670054,1.400874690667998
4.831899921813917,0.4346959766196966
4.835809225957779,1.0086283969847856
4.839718530101641,-0.9970456926894247
4.843627834245504,-0.6307728086861106
4.847537138389367,-0.5282819957378397
4.851446442533229,1.1144806051012899
4.855355746677091,0.7796264326371373
4.859265050820953,0.6132378368714871
4.863174354964816,-1.0416964340565982
4.867083659108678,-1.1803903087838168
4.870992963252541,-0.3521158551795221
4.874902267396403,0.42369630152873267
4.878811571540266,0.9326510902274123
4.882720875684128,0.527041882705961
4.88663017982799,-0.47562873832785724
4.890539483971852,-0.6043367200177511
4.8944487881157155,-1.0555402568647332
4.898358092259578,-0.036445811423314156
4.90226739640344,0.48802368379599775
4.906176700547302,0.5059690617749562
4.9100860046911645,0.8964314952663106
4.913995308835027,-0.19587322752079267
4.917904612978889,-0.025909963233058497
4.921813917122752,-0.3061700778217347
4.925723221266614,0.057622613429680544
4.929632525410477,1.3342695654047545
4.933541829554339,1.0048712741917474
4.937451133698201,-1.047605807841017
4.9413604378420635,-1.4267561661436772
4.945269741985926,-0.5174594515355823
4.949179046129789,0.08565621539144994
4.953088350273651,0.7661047366896376
4.956997654417513,1.6560368866567599
4.960906958561376,0.22548466555176566
4.964816262705238,-1.046545110352219
4.9687255668491,-0.6378340495591177
4.972634870992963,-0.12607955542981336
4.976544175136826,1.002078812838972
4.980453479280688,1.632733461429262
4.98436278342455,0.22401079150666925
4.988272087568412,0.3757774789093329
4.992181391712275,0.14542965100340777
4.996090695856137,-0.9834244902377476
5.0,-0.7446582077198499
